"","p_val","avg_log2FC","pct.1","pct.2","p_val_adj"
"Frzb",0,-0.675665341303961,0.055,0.583,0
"Ndufa4l2",0,-0.61594410976843,0.106,0.687,0
"Lhx1",0,-2.2030952821285,0.133,0.851,0
"Gsc",0,-1.38433518415248,0.382,0.975,0
"Gata6",0,-0.844497396219122,0.045,0.672,0
"Upp1",9.69802706846217e-294,-1.75445379004481,0.526,0.965,3.20151269584073e-289
"Dkk1",2.5856292867138e-282,-1.42149984966808,0.264,0.843,8.53567940129961e-278
"Tdgf1",1.02046557479773e-261,-1.43142792824997,0.714,0.992,3.36876095552227e-257
"Mesp1",7.26417130355276e-247,-1.63545454962717,0.12,0.623,2.39804823072884e-242
"Cdh2",4.18894980752746e-244,-0.885770361987971,0.373,0.899,1.38285611046097e-239
"Msx1",2.58839802575169e-233,-0.885265171779816,0.157,0.668,8.54481956261147e-229
"Eomes",8.89495425895237e-233,-1.20225029928544,0.503,0.947,2.93640229996536e-228
"Pcdh7",2.98306080221498e-219,-0.489950714621839,0.129,0.622,9.8476803202721e-215
"Nxph4",2.40192864787692e-213,-0.325333807017191,0.048,0.435,7.92924685237128e-209
"Cyp26a1",2.01213677163807e-207,-0.663411960198955,0.053,0.437,6.64246591053161e-203
"Mixl1",1.1452280107567e-206,-1.2195577875625,0.77,0.995,3.78062670911003e-202
"Dlc1",1.17609619960462e-203,-0.556470609318368,0.115,0.57,3.88252877413478e-199
"Cdh11",1.13611659063368e-187,-0.411131707532332,0.062,0.437,3.75054808899991e-183
"Lmo1",3.60179901332093e-179,-0.51861311122198,0.071,0.445,1.1890258902775e-174
"Rbms1",1.92187123178449e-178,-0.728865728266722,0.64,0.951,6.34448131036697e-174
"Hmga2",1.31166162064562e-173,-0.728192323929401,0.355,0.812,4.33005734207533e-169
"Lrig3",3.30979292854285e-173,-0.51997783754382,0.188,0.643,1.09262884157056e-168
"Trim54",6.04938406519158e-173,-0.507631502096925,0.115,0.526,1.99702266760104e-168
"Sp5",1.34744320583009e-172,-1.05163001374289,0.752,0.972,4.44817951108629e-168
"Otx2",1.52538758803783e-162,-0.768527204436317,0.245,0.686,5.03560950563048e-158
"Adam19",1.04732457887061e-161,-0.372029874197495,0.11,0.51,3.45742789976765e-157
"Lzts1",1.19572661243072e-155,-0.41012475877037,0.174,0.602,3.94733269295629e-151
"Plxna2",9.94016104811989e-142,-0.312632927404257,0.074,0.409,3.28144596520534e-137
"Efna3",1.95951278202534e-135,-0.456945179624891,0.203,0.606,6.46874359602206e-131
"Arl4c",2.21747739636397e-134,0.606385142696815,0.645,0.149,7.32033638087673e-130
"Nptx2",3.1844751819868e-132,-0.330057237335823,0.071,0.383,1.05125894707748e-127
"Sall1",4.58054266319363e-127,-0.420597146666956,0.203,0.595,1.51212874397348e-122
"Grrp1",1.05563815419872e-120,-0.58387841597994,0.485,0.855,3.48487267464082e-116
"Fn1",4.73121230167357e-120,-0.956853085796058,0.485,0.811,1.56186780502848e-115
"Smad1",1.69119836779004e-107,-0.549100678451401,0.561,0.863,5.58298405174849e-103
"Nkx1-2",7.03445788555297e-104,0.649667469779831,0.632,0.224,2.32221523717875e-99
"Rbm47",4.41668199801411e-93,-0.33697593814384,0.227,0.574,1.45803506118442e-88
"Rspo3",1.53832118556501e-90,-0.442274674898016,0.382,0.751,5.07830589778721e-86
"Foxa2",2.21547303445568e-88,-0.689304417768294,0.225,0.538,7.3137195813451e-84
"Fgf5",7.49827043351087e-86,-0.5573420297241,0.724,0.931,2.47532903551061e-81
"Bst2",2.61112020659695e-85,0.611766720520324,0.793,0.55,8.61983002601784e-81
"Socs2",5.06771394087348e-82,-0.536572968144598,0.721,0.937,1.67295372616115e-77
"Foxb1",1.28675939942636e-81,0.500641629145541,0.588,0.226,4.24785012938629e-77
"Gpc3",3.08558923244481e-80,-0.398575603696102,0.358,0.687,1.01861471741468e-75
"Flnb",7.67243844798783e-79,-0.308424390968995,0.187,0.489,2.53282538044974e-74
"Zfp703",1.6118469694095e-76,-0.330234953204075,0.209,0.517,5.32102921541464e-72
"Cd24a",2.6833974501272e-76,-0.60794470271842,0.67,0.881,8.85843166235991e-72
"Gas1",2.05692443961888e-74,-0.873586313571003,0.45,0.7,6.79031896006986e-70
"Tgfb1",3.24620616889393e-74,-0.325049813440483,0.294,0.614,1.07163758047526e-69
"Utf1",2.18357226490932e-73,0.463021093431301,0.409,0.065,7.20840876091864e-69
"Nin",2.76497278278931e-73,-0.303022801150645,0.234,0.535,9.12772815054405e-69
"Wnt8a",1.04012827506026e-72,0.436483404720564,0.651,0.334,3.43367146162892e-68
"Cdh1",2.90934404233267e-69,0.444938066227457,0.781,0.551,9.60432655254862e-65
"Amot",3.25262641711193e-66,-0.386623111730563,0.468,0.752,1.07375703281699e-61
"Lefty2",6.08555131186695e-66,-0.584416449686906,0.11,0.341,2.00896219907352e-61
"Arhgef26",1.15590908839262e-62,-0.360693057198777,0.403,0.672,3.81588708260171e-58
"Pmepa1",3.12124464292444e-62,-0.382282027194267,0.566,0.843,1.03038528152222e-57
"Gbx2",5.30938614483548e-59,0.37841460629736,0.398,0.095,1.75273455413309e-54
"Agpat3",4.13323301796881e-58,-0.35344532232526,0.623,0.854,1.36446288389186e-53
"S100a10",6.46552050977408e-57,-0.529185277600401,0.72,0.921,2.13439763068662e-52
"Jade1",1.33095816704385e-56,0.35171898720091,0.609,0.333,4.39375910104517e-52
"H2-K1",1.83282736738963e-52,-0.419754929570399,0.569,0.782,6.05052970522665e-48
"Arl4a",3.09164430298472e-52,-0.414935295844521,0.545,0.771,1.02061361730132e-47
"Ext1",2.59892802165484e-51,-0.323239194121792,0.562,0.787,8.57958118508695e-47
"Macroh2a2",1.50111006392088e-48,-0.30698506294291,0.531,0.775,4.95546454301561e-44
"Slc29a1",1.96155951255597e-48,0.376716894263866,0.623,0.39,6.47550026284975e-44
"Igfbp3",7.92098137241424e-48,0.4570074673692,0.499,0.23,2.61487437066139e-43
"Hes1",3.91877187751817e-47,-0.363520566697882,0.681,0.887,1.2936649722063e-42
"Fzd10",4.91299644274047e-47,0.333787814353221,0.573,0.321,1.62187838567748e-42
"Cldn7",1.71237126241871e-46,0.39134841490749,0.602,0.372,5.65288001149665e-42
"Col18a1",8.55991293741157e-46,0.300140882432961,0.557,0.312,2.82579845889831e-41
"Tpd52",1.6974324696611e-45,0.322456448641459,0.629,0.401,5.60356406884522e-41
"Tdh",2.4409982814346e-45,0.396677412504359,0.357,0.109,8.05822352667191e-41
"Mt2",2.56885748147679e-45,0.589314313318171,0.634,0.383,8.48031231785117e-41
"Alox15",5.04236114600612e-43,0.356984444770184,0.571,0.352,1.66458426151954e-38
"Med13l",5.9058867681443e-43,-0.304970408031247,0.502,0.726,1.94965133989979e-38
"Cdx2",1.20208418333633e-40,0.369648008224966,0.381,0.138,3.9683203060299e-36
"Tmem185a",6.85667984515878e-39,0.332564896458083,0.542,0.334,2.26352715048382e-34
"Klf5",1.32015756253862e-35,-0.331177024028403,0.446,0.655,4.35810414545249e-31
